Country ID,Country,1990,1991,1992,1993,1994,1995,1996,1997,1998,1999,2000,2001,2002,2003,2004,2005,2006,2007,2008,2009,2010,2011,2012,2013,2014,2015,2016,2017,2018,2019,Latest Year,"CO2 emissions, latest year
1000 t",% change since 1990
4,Afghanistan,3222.2,3222.2,3222.2,3222.2,3222.2,3222.2,3222.2,3222.2,3222.2,3222.2,3222.2,3222.2,3222.2,3222.2,3222.2,3222.2,3222.2,3222.2,3222.2,3222.2,3222.2,3222.2,3222.2,9851,9851,9851,9851,9851,9851,9851,2013,9851,205.72
8,Albania,3101.66,5166.7,3311.06,3235.47,3500.49,3477.42,3341.56,3426.64,4139.06,4478.33,3507.9,4224.1,4283.95,4614.75,4939.11,4953.33,4944.38,5395.06,5530.3,5942.57,5942.57,5942.57,5942.57,5942.57,5942.57,5942.57,5942.57,5942.57,5942.57,5942.57,2009,5942.57,91.59
12,Algeria,63705,63705,63705,63705,63705,71593.26,71593.26,71593.26,71593.26,71593.26,71593.26,71593.26,71593.26,71593.26,71593.26,71593.26,71593.26,71593.26,71593.26,71593.26,71593.26,71593.26,71593.26,71593.26,71593.26,71593.26,71593.26,71593.26,71593.26,71593.26,2000,71593.26,12.38
24,Angola,16317,16317,16317,16317,16317,16317,16317,16317,16317,16317,16317,27809,27809,27809,27809,27809,27809,27809,27809,27809,27809,27809,27809,27809,27809,27809,27809,27809,27809,27809,2005,27809,70.43
28,Antigua and Barbuda,288.14,288.14,288.14,288.14,288.14,288.14,288.14,288.14,288.14,288.14,371.88,371.88,371.88,371.88,371.88,371.88,371.88,371.88,371.88,371.88,371.88,371.88,371.88,371.88,371.88,371.88,371.88,371.88,371.88,371.88,2000,371.88,29.06
32,Argentina,100867.5,100867.5,100867.5,100867.5,117595.97,117595.97,117595.97,125563.93,125563.93,125563.93,128323.87,128323.87,128323.87,128323.87,128323.87,128323.87,128323.87,128323.87,128323.87,128323.87,181939.49,181939.49,188265.15,188265.15,188265.15,188265.15,188265.15,188265.15,188265.15,188265.15,2012,188265.15,86.65
51,Armenia,21615.96,21615.96,21615.96,21615.96,21615.96,21615.96,21615.96,21615.96,21615.96,21615.96,3199.57,3199.57,3199.57,3199.57,3199.57,3199.57,4173.95,4173.95,4173.95,4173.95,4456.99,4456.99,4456.99,4456.99,4456.99,4456.99,4456.99,4456.99,4456.99,4456.99,2010,4456.99,-79.38
36,Australia,278424.66,279872.66,284912.44,289235.19,294014.96,305410.17,312361.59,320795.09,334684.52,344063.77,350195.02,357669.18,362209.55,369726.02,383205.12,386513.45,392680.65,399842.46,404417.41,407463.33,405502.8,404172.76,406506.24,397943.18,394116.89,401554.76,411031.53,415097.43,415953.95,415953.95,2018,415953.95,49.4
40,Austria,62124.7,65725.53,60204.07,60635.42,61002.44,64065.26,67421.59,67232.78,66875.15,65562.72,66162.89,70102.6,71918.76,77554.25,77674.39,79192.43,76898.33,74262.59,73588.4,67493.95,72011.84,69898.24,67209.1,67745.69,64084.43,66283.24,67112.27,69628.86,66719.68,66719.68,2018,66719.68,7.4
31,Azerbaijan,55893.73,51901.46,44546.68,39136.42,34272.68,36561.35,29965.84,28935.02,28567.01,27869.25,29010.24,28243.15,28031.43,30733.16,33010.79,35472.53,34310.57,29284.63,32283.34,26893.1,26411.83,28083.87,29847.75,39228.89,39228.89,39228.89,39228.89,39228.89,39228.89,39228.89,2013,39228.89,-29.82
44,Bahamas,1894.2,1894.2,1894.2,1894.2,1866.2,1866.2,1866.2,1866.2,1866.2,1866.2,660.44,660.44,660.44,660.44,660.44,660.44,660.44,660.44,660.44,660.44,660.44,660.44,660.44,660.44,660.44,660.44,660.44,660.44,660.44,660.44,2000,660.44,-65.13
48,Bahrain,16483,16483,16483,16483,16483,18170,18170,18170,18170,18170,18170,18170,18170,18170,18170,18170,18170,18170,18170,18170,18170,18170,18170,18170,18170,18170,18170,18170,18170,18170,2000,18170,10.23
50,Bangladesh,16459.73,16459.73,16459.73,16459.73,16459.73,33148.52,33148.52,33148.52,33148.52,33148.52,33148.52,33148.52,33148.52,33148.52,33148.52,40862.34,40862.34,40862.34,40862.34,40862.34,40862.34,40862.34,40862.34,40862.34,40862.34,40862.34,40862.34,40862.34,40862.34,40862.34,2005,40862.34,148.26
52,Barbados,1564.22,1564.22,1564.22,1564.22,1913.38,1913.38,1913.38,2198.32,2198.32,2198.32,2198.32,2198.32,2198.32,2198.32,2198.32,2198.32,2198.32,2198.32,2198.32,2198.32,2198.32,2198.32,2198.32,2198.32,2198.32,2198.32,2198.32,2198.32,2198.32,2198.32,1997,2198.32,40.54
112,Belarus,103689.71,96647.13,88662.01,76380.05,62367.89,57375.45,58214.8,58720.59,57372.47,54984.5,54877.36,54967.87,55077.7,56484.95,60076.47,61367.1,64157.16,63569.93,65694.82,61402.7,63156.39,62106.74,63008.35,63743.45,63083.64,58633.06,60284.85,60742.93,61871.68,61871.68,2018,61871.68,-40.33
56,Belgium,120309.34,123382.08,122507.84,121444.2,124816.9,125956.47,129496.58,124001.76,130227.11,124718.9,126735.3,126084.68,126878.58,128275.26,128805.29,125661.69,123905.76,120496.16,120202.86,107743.37,114561.03,105046.06,102428.75,102674.4,96811.32,100981.34,99806.94,99456.28,100207.84,100207.84,2018,100207.84,-16.71
84,Belize,598.07,598.07,598.07,598.07,598.07,3.93,3.93,3.93,3.93,3.93,3.93,3.93,3.93,3.93,4.71,4.71,4.71,4.71,4.71,5.93,5.93,5.93,5.93,5.93,5.93,5.93,5.93,5.93,5.93,5.93,2009,5.93,-99.01
204,Benin,802.34,802.34,802.34,802.34,802.34,802.34,1416.38,1416.38,1416.38,1416.38,1416.38,1416.38,1416.38,1416.38,1416.38,1416.38,1416.38,1416.38,1416.38,1416.38,1416.38,1416.38,1416.38,1416.38,1416.38,1416.38,1416.38,1416.38,1416.38,1416.38,2000,1416.38,76.53
64,Bhutan,228.46,228.46,228.46,228.46,228.46,498.07,498.07,498.07,498.07,498.07,498.07,498.07,498.07,498.07,498.07,498.07,498.07,498.07,498.07,498.07,498.07,498.07,498.07,498.07,498.07,498.07,498.07,498.07,498.07,498.07,2000,498.07,118.01
68,Bolivia (Plurinational State of),5386.19,5386.19,5386.19,5386.19,8146.25,8146.25,8146.25,8146.25,8930.9,8930.9,7782.84,7782.84,9073.28,9073.28,9786.04,9786.04,9786.04,9786.04,9786.04,9786.04,9786.04,9786.04,9786.04,9786.04,9786.04,9786.04,9786.04,9786.04,9786.04,9786.04,2004,9786.04,81.69
70,Bosnia and Herzegovina,26461.07,23850.3,5933.32,2208.48,2426.14,2140.56,4429.62,7022.49,10776.92,10968,11633.23,12239.58,12239.58,12239.58,12239.58,12239.58,12239.58,12239.58,12239.58,12239.58,12239.58,12239.58,12239.58,19418,21712,21712,21712,21712,21712,21712,2014,21712,-17.95
72,Botswana,3014.5,3014.5,3014.5,3014.5,3014.5,3979,3979,3979,3979,3979,3979,3979,3979,3979,3979,3979,3979,3979,3979,3979,3979,3979,3979,3979,3979,7435.22,7435.22,7435.22,7435.22,7435.22,2015,7435.22,146.65
76,Brazil,213555,224675,226821,235656,245012,263283,282440,299443,310259,320522,331466,338212,337959,333001,349853,356897,361457,380822,402090,381380,429844,450956,482697,511858,532094,504747,504747,504747,504747,504747,2015,504747,136.35
96,Brunei Darussalam,5882.59,5882.59,5882.59,5882.59,5882.59,5882.59,5882.59,5882.59,5882.59,5882.59,5882.59,5882.59,5882.59,5882.59,5882.59,5882.59,5882.59,5882.59,5882.59,5882.59,5882.59,5882.59,5882.59,5882.59,5882.59,5882.59,5882.59,5882.59,5882.59,5882.59,2010,5882.59,0
100,Bulgaria,76698.98,61232.6,57010.43,57675.64,56083.53,57716.37,58108.02,55861.27,53275.22,46369.98,45305.03,49014.14,46258.57,50509.67,49570.73,50656.43,51895.22,55740.84,54079.56,45773.77,47862.93,53178.04,48349.01,42649.51,45169.33,48194.28,45353.72,47505.16,43551.6,43551.6,2018,43551.6,-43.22
854,Burkina Faso,902,902,902,902,902,1604.34,1604.34,1604.34,1604.34,1604.34,1604.34,1604.34,1604.34,1604.34,1604.34,1604.34,1604.34,1604.34,1604.34,1604.34,1604.34,1604.34,1604.34,1604.34,1604.34,1604.34,1604.34,1604.34,1604.34,1604.34,2007,1604.34,77.86
108,Burundi,143.18,143.18,143.18,143.18,143.18,143.18,143.18,143.18,143.18,143.18,143.18,143.18,143.18,143.18,143.18,140.69,140.69,140.69,140.69,140.69,172.97,172.97,172.97,172.97,172.97,158.62,158.62,158.62,158.62,158.62,2015,158.62,10.78
132,Cabo Verde,217.73,217.73,217.73,217.73,217.73,217.73,217.73,217.73,217.73,217.73,284.95,284.95,284.95,284.95,284.95,284.95,284.95,284.95,284.95,284.95,284.95,284.95,284.95,284.95,284.95,284.95,284.95,284.95,284.95,284.95,2000,284.95,30.87
116,Cambodia,1321.93,1321.93,1321.93,1321.93,1321.93,1321.93,1321.93,1321.93,1321.93,1321.93,2052.58,2052.58,2052.58,2052.58,2052.58,2052.58,2052.58,2052.58,2052.58,2052.58,2052.58,2052.58,2052.58,2052.58,2052.58,2052.58,2052.58,2052.58,2052.58,2052.58,2000,2052.58,55.27
120,Cameroon,2769.52,2769.52,2769.52,2769.52,2769.52,2769.52,2769.52,2769.52,2769.52,2769.52,2991,2991,2991,2991,2991,2991,2991,2991,2991,2991,2991,2991,2991,2991,2991,2991,2991,2991,2991,2991,2000,2991,8
124,Canada,462117.35,452494.72,467037.42,467406.41,482436.58,494920.25,510736.66,524789.17,533639.79,549553.21,572162.1,564946.4,570844.78,587178.15,585703.1,576434.46,570950.38,594220.57,575586.91,542549.6,555549.85,566740.99,569737.01,576327.01,575942.18,575906.94,564032.53,572834.39,586504.63,586504.63,2018,586504.63,26.92
140,Central African Republic,212,212,212,212,212,212,212,212,212,212,212,212,212,180.46,193.34,207.36,214.71,232.21,235.91,232.95,252.59,252.59,252.59,252.59,252.59,252.59,252.59,252.59,252.59,252.59,2010,252.59,19.15
148,Chad,309.65,309.65,309.65,309.65,309.65,309.65,309.65,309.65,334.6,358.58,304.99,368.59,452.77,4054.6,4054.6,4054.6,4054.6,4054.6,4054.6,4054.6,4054.6,4054.6,4054.6,4054.6,4054.6,4054.6,4054.6,4054.6,4054.6,4054.6,2003,4054.6,1209.41
152,Chile,33289.7,33289.7,33289.7,34963.9,38485.8,38485.8,38485.8,38485.8,38485.8,38485.8,54750.5,54750.5,54750.5,54750.5,54750.5,54750.5,60056.66,60056.66,60056.66,60056.66,69667,69667,69667,80498.4,80498.4,80498.4,87444,87444,87444,87444,2016,87444,162.68
156,China,3073470,3073470,3073470,3073470,3073470,3073470,3073470,3073470,3073470,3073470,3073470,3073470,3073470,3073470,3073470,6381000,6381000,6381000,6381000,6381000,8707376,8707376,9893257,9893257,10274851,10274851,10274851,10274851,10274851,10274851,2014,10274851,234.31
170,Colombia,49706.5,49706.5,49706.5,49706.5,60917.3,60917.3,60917.3,60917.3,60917.3,60917.3,63813.83,63813.83,63813.83,63813.83,63907.28,63907.28,63907.28,63907.28,63907.28,63907.28,63907.28,63907.28,63907.28,63907.28,63907.28,63907.28,63907.28,63907.28,63907.28,63907.28,2004,63907.28,28.57
174,Comoros,70.52,70.52,70.52,70.52,70.52,70.52,70.52,70.52,70.52,82.42,82.42,82.42,82.42,82.42,82.42,82.42,82.42,82.42,82.42,82.42,82.42,82.42,82.42,82.42,82.42,82.42,82.42,82.42,82.42,82.42,2000,82.42,16.87
178,Congo,673.7,673.7,673.7,673.7,673.7,673.7,673.7,673.7,673.7,1292.15,1292.15,1292.15,1292.15,1292.15,1292.15,1292.15,1292.15,1292.15,1292.15,1292.15,1292.15,1292.15,1292.15,1292.15,1292.15,1292.15,1292.15,1292.15,1292.15,1292.15,2000,1292.15,91.8
184,Cook Islands,32.56,32.56,32.56,32.56,32.56,32.56,32.56,32.56,32.56,32.56,32.56,32.56,32.56,32.56,32.56,32.56,32.56,32.56,32.56,32.56,32.56,32.56,32.56,32.56,32.56,32.56,32.56,32.56,32.56,32.56,1994,32.56,0
188,Costa Rica,2749.3,2749.3,2749.3,2749.3,2749.3,2749.3,4554.7,4554.7,4554.7,4554.7,5104.67,5104.67,5104.67,5104.67,5104.67,5989.1,5989.1,5989.1,5989.1,5989.1,5989.1,5989.1,5989.1,5989.1,5989.1,5989.1,5989.1,5989.1,5989.1,5989.1,2005,5989.1,117.84
384,Côte d’Ivoire,4345.77,4345.77,4345.77,4345.77,4345.77,4345.77,4345.77,4345.77,4345.77,60372.31,60372.31,60372.31,60372.31,60372.31,60372.31,60372.31,60372.31,60372.31,60372.31,60372.31,60372.31,60372.31,60372.31,60372.31,60372.31,60372.31,60372.31,60372.31,60372.31,60372.31,2000,60372.31,1289.22
191,Croatia,23329.25,17182.3,16506.08,16959.78,16214.22,16926.34,17515.27,18575.88,19278.9,20115.46,19694.45,20806.74,21912.74,23268.21,22916.83,23330.1,23529.45,24843.81,23628.58,21837.8,21050.86,20682.44,19114.78,18454.62,17704.99,17840.75,18105.04,18737.69,17718.65,17718.65,2018,17718.65,-24.05
192,Cuba,33899.58,33899.58,21598.81,21598.81,22193.47,22193.47,26382.13,26382.13,27973.77,27973.77,26586.22,26586.22,24892.95,24892.95,24892.95,24892.95,24892.95,24892.95,24892.95,24892.95,24892.95,24892.95,24892.95,24892.95,24892.95,24892.95,24892.95,24892.95,24892.95,24892.95,2002,24892.95,-26.57
196,Cyprus,4656.89,5146.61,5522.91,5766.97,6011.11,5882.27,6233.23,6321.03,6614.65,6882.47,7145.88,7021.41,7210.78,7605.55,7840.94,8031.3,8223.17,8538.92,8707.25,8453.8,8089.01,7759.47,7234.89,6554.36,6934.59,6960.13,7368.23,7515.69,7332.76,7332.76,2018,7332.76,57.46
203,Czechia,164204.21,148894.13,144619.02,138637.29,132376.14,131608.26,134962.55,130733.07,125317.67,116623.43,127066.45,126957.56,123895.62,127382.8,128113.81,125671.94,126449.45,128264.33,122941.37,115193.74,117500.71,115060.26,110955.16,106427.46,104049.88,104815.38,106629.02,105641.73,104411.21,104411.21,2018,104411.21,-36.41
408,Democratic People's Republic of Korea,178713,178713,178713,178713,133349,133349,133349,133349,133349,133349,68740,68740,73779,73779,73779,73779,73779,73779,73779,73779,73779,73779,73779,73779,73779,73779,73779,73779,73779,73779,2002,73779,-58.72
180,Democratic Republic of the Congo,1447.71,1447.71,1447.71,1447.71,1447.71,1447.71,1447.71,1447.71,1447.71,2488,2644.2,2793,2651,2645,2645,2645,2645,2645,2645,2645,2645,2645,2645,2645,2645,2645,2645,2645,2645,2645,2003,2645,82.7
208,Denmark,54845.67,65428.35,59595.59,61682.6,65699.57,62655.77,75987.01,66603.08,62395.89,59842.62,55609.69,57322.68,56895.54,62055.93,56499.81,52932,60858.69,56102.04,52640.37,50184.69,50678.31,45652.28,41218.24,43079.33,38866.73,36493.99,38301.02,36213.25,36246.2,36246.2,2018,36246.2,-33.91
262,Djibouti,274.15,274.15,274.15,274.15,274.15,274.15,274.15,274.15,274.15,274.15,342.02,342.02,342.02,342.02,342.02,342.02,342.02,342.02,342.02,342.02,342.02,342.02,342.02,342.02,342.02,342.02,342.02,342.02,342.02,342.02,2000,342.02,24.76
212,Dominica,76.53,76.53,76.53,76.53,76.53,76.53,76.53,76.53,76.53,76.53,105.8,117.92,113.27,111.08,110.89,119.06,122,128.46,122.45,133.78,141.55,149.81,158.9,161.03,167.24,170.15,169.84,156.85,156.85,156.85,2017,156.85,104.95
214,Dominican Republic,8762.93,8762.93,8762.93,8762.93,15003.05,15003.05,15003.05,15003.05,16423.85,16423.85,18416.75,18416.75,18416.75,18416.75,18416.75,18416.75,18416.75,18416.75,18416.75,18416.75,12572.41,12572.41,12572.41,12572.41,12572.41,12572.41,12572.41,12572.41,12572.41,12572.41,2010,12572.41,43.47
218,Ecuador,14252.93,14252.93,14252.93,14252.93,14252.93,14252.93,14252.93,14252.93,14252.93,14252.93,14252.93,14252.93,14252.93,14252.93,14252.93,14252.93,14252.93,14252.93,14252.93,14252.93,37473.91,37473.91,41084.46,41084.46,41084.46,41084.46,41084.46,41084.46,41084.46,41084.46,2012,41084.46,188.25
818,Egypt,84235,84235,84235,84235,84235,84235,84235,84235,84235,84235,128227.95,128227.95,128227.95,128227.95,128227.95,169249.7,169249.7,169249.7,169249.7,169249.7,169249.7,169249.7,169249.7,169249.7,169249.7,169249.7,169249.7,169249.7,169249.7,169249.7,2005,169249.7,100.93
222,El Salvador,4514.65,4514.65,4514.65,4514.65,4514.65,4514.65,4514.65,4514.65,4514.65,4514.65,4514.65,4514.65,4514.65,4514.65,4514.65,6062.27,6062.27,6062.27,6062.27,6062.27,6062.27,6062.27,6062.27,6062.27,6062.27,6062.27,6062.27,6062.27,6062.27,6062.27,2005,6062.27,34.28
232,Eritrea,719.79,719.79,719.79,719.79,719.79,752.02,827.84,732.25,576.1,615.25,621,621,621,621,621,621,621,621,621,621,621,621,621,621,621,621,621,621,621,621,2000,621,-13.72
233,Estonia,36907.24,33901.77,24370.46,18910.36,19734.05,18048.83,18759.52,18317.28,16817.25,15653.35,15244.19,15576.73,15090.49,16937.23,17201.01,16921.62,16208.81,19838.56,17668.12,14339.01,18784.96,18855.12,17684.98,19551.95,18755.95,15813.4,17377.65,18635.87,17710.95,17710.95,2018,17710.95,-52.01
748,Eswatini,873.87,873.87,873.87,873.87,873.87,873.87,873.87,873.87,873.87,873.87,873.87,873.87,873.87,873.87,873.87,873.87,873.87,873.87,873.87,873.87,873.87,873.87,873.87,873.87,873.87,873.87,873.87,873.87,873.87,873.87,1994,873.87,0
231,Ethiopia,2307,1879,2073,2401,2359.14,2238.27,2457.35,2895.98,2995.43,3164.82,3437.9,4250.98,4464.75,5027.51,5289.29,6589.51,6352.01,9066.91,8339.15,9004.12,11134.35,9522.03,9655.41,10143.08,10143.08,10143.08,10143.08,10143.08,10143.08,10143.08,2013,10143.08,339.67
242,Fiji,821,821,821,821,821,821,821,821,821,821,821,821,821,821,1566.57,1566.57,1566.57,1566.57,1566.57,1566.57,1566.57,1566.57,1566.57,1566.57,1566.57,1566.57,1566.57,1566.57,1566.57,1566.57,2004,1566.57,90.81
246,Finland,56971.87,55230.4,54285.53,56352.55,61716.2,58145.44,64062.41,62722.99,59373.26,58894.77,57038.25,62536.21,65059.79,72657.82,68960.75,57042.9,68384.42,66760.3,58609.62,55924.37,64099.45,56665.65,51222.15,51750.96,47643.86,44113.71,47227.55,44673.06,45849.35,45849.35,2018,45849.35,-19.52
250,France,403307.24,428927.11,418231.02,397655.36,393368.86,400239.12,415941.02,408989.96,428344.36,424600.51,419232.28,424005.85,419347.5,426145.7,427117.58,430528.28,419737.02,409033.41,401422.87,385421.58,393717.82,367051.08,368311.77,370548.99,339492.92,344096.98,347095.62,352178.98,338327.1,338327.1,2018,338327.1,-16.11
266,Gabon,4407.74,4407.74,4407.74,4407.74,4407.74,4407.74,4407.74,4407.74,4407.74,4407.74,5157.27,5157.27,5157.27,5157.27,5157.27,5157.27,5157.27,5157.27,5157.27,5157.27,5157.27,5157.27,5157.27,5157.27,5157.27,5157.27,5157.27,5157.27,5157.27,5157.27,2000,5157.27,17
270,Gambia,181.06,181.06,181.06,181.06,181.06,181.06,181.06,181.06,181.06,181.06,218.77,218.77,218.77,218.77,218.77,218.77,218.77,218.77,218.77,218.77,218.77,218.77,218.77,218.77,218.77,218.77,218.77,218.77,218.77,218.77,2000,218.77,20.83
268,Georgia,35520,28131.8,17119.4,9775.3,6525.8,4560.4,7491.1,8480,8480,8480,3705.2,3875,3681,3931,4844,5045,6233,7160,7062,6562,6634.73,9151.01,9786.39,9478.16,9478.16,9478.16,9478.16,9478.16,9478.16,9478.16,2013,9478.16,-73.32
276,Germany,1052348.54,1014199.72,965889.81,956233.11,939630.28,939176.7,959124.13,931230.07,923275.91,895642.93,899780.2,916366.14,899821.05,900866.41,886965.97,866388.55,877997.39,851383.3,854706.33,790195.72,832669.74,809426.95,813893.12,831316.28,792684.87,795816.36,800510.29,786654.55,755362.34,755362.34,2018,755362.34,-28.22
288,Ghana,2861.8,2377.12,2897.7,3123.85,3243.03,3556.74,3844.07,3977.84,4364.21,4925.45,6297.67,5585.01,5965.42,6410.85,5789.37,6431.14,7847.2,7847.2,7847.2,7847.2,7847.2,7847.2,7847.2,7847.2,7847.2,7847.2,7847.2,7847.2,7847.2,7847.2,2006,7847.2,174.21
300,Greece,83425.55,83401.12,84982.71,84296.37,86442.18,86979.1,89132.01,93820.93,98641.5,97958.38,102999.03,105385.7,105020.96,109089.75,109546.75,113930.97,112472.44,114592.34,111125.24,104354.75,97361.5,94549.58,91430.1,81735.05,78659.8,74957.9,71368.36,74852.85,71797.87,71797.87,2018,71797.87,-13.94
308,Grenada,135,135,135,135,135,135,135,135,135,135,135,135,135,135,135,135,135,135,135,135,135,135,135,135,135,135,135,135,135,135,1994,135,0
320,Guatemala,4245.07,4245.07,4245.07,4245.07,10116.47,10116.47,10116.47,10116.47,10116.47,10116.47,10578.65,10578.65,10578.65,10578.65,10578.65,12553.74,12553.74,12553.74,12553.74,12553.74,12553.74,12553.74,12553.74,12553.74,12553.74,12553.74,12553.74,12553.74,12553.74,12553.74,2005,12553.74,195.73
324,Guinea,1580.49,1580.49,1580.49,1580.49,1580.49,1580.49,1580.49,1580.49,1580.49,1580.49,1960,1960,1960,1960,1960,1960,1960,1960,1960,1960,1960,1960,1960,1960,1960,1960,1960,1960,1960,1960,2000,1960,24.01
624,Guinea-Bissau,178.61,178.61,178.61,178.61,178.61,178.61,178.61,178.61,178.61,178.61,178.61,178.61,178.61,178.61,178.61,178.61,156.81,156.81,2450.67,2450.67,2450.67,2450.67,2450.67,2450.67,2450.67,2450.67,2450.67,2450.67,2450.67,2450.67,2010,2450.67,1272.08
328,Guyana,1439,1439,1439,1439,1439,1465,1534,1680,1769,1718,1688,2094,1657,1657,1657,1657,1657,1657,1657,1657,1657,1657,1657,1657,1657,1657,1657,1657,1657,1657,2004,1657,15.15
332,Haiti,189.1,189.1,189.1,189.1,189.1,923.69,1050.91,1310.79,1347.44,1545.77,1447.66,1447.66,1447.66,1447.66,1447.66,1447.66,1447.66,1447.66,1447.66,1447.66,1447.66,1447.66,1447.66,1447.66,1447.66,1447.66,1447.66,1447.66,1447.66,1447.66,2000,1447.66,665.55
340,Honduras,4085.25,4085.25,4085.25,4085.25,4085.25,4085.25,4085.25,4085.25,4085.25,4085.25,4162.45,4162.45,4162.45,4162.45,4162.45,7201.8,7201.8,7201.8,7201.8,7201.8,7201.8,7201.8,7201.8,7201.8,7201.8,9902.61,9902.61,9902.61,9902.61,9902.61,2015,9902.61,142.4
348,Hungary,73464.85,69784.52,62415.94,63632.76,61973.51,61690.77,63257.52,61813.14,61415,61911.6,58608.27,60238.8,59197,61981.47,60489.92,60606.53,59915.38,58688.63,57530.82,51774.97,52123.68,50322.15,46776.68,43704.81,43862.71,46627.61,47395.71,49684.85,49628.49,49628.49,2018,49628.49,-32.45
352,Iceland,2247.8,2128.41,2274.27,2432.16,2373.3,2476.7,2532.04,2627.51,2647.86,2853.95,2946.47,2875.24,3000.52,2994.55,3116.89,2985.97,3164.4,3512.1,3824.94,3740.18,3660.12,3510.64,3502.89,3492.77,3469.68,3545.26,3497.54,3614.87,3674.53,3674.53,2018,3674.53,63.47
356,India,779348,779348,779348,779348,779348,779348,779348,779348,779348,779348,1024772.86,1024772.86,1024772.86,1024772.86,1024772.86,1024772.86,1024772.86,1024772.86,1024772.86,1024772.86,1574362.16,1574362.16,1574362.16,1574362.16,1574362.16,1574362.16,1574362.16,1574362.16,1574362.16,1574362.16,2010,1574362.16,102.01
360,Indonesia,142688.19,155100.4,165505.55,175681.85,189146.31,189146.31,189146.31,189146.31,189146.31,189146.31,289527.15,289527.15,289527.15,289527.15,289527.15,289527.15,289527.15,289527.15,289527.15,289527.15,289527.15,289527.15,289527.15,289527.15,289527.15,289527.15,289527.15,289527.15,289527.15,289527.15,2000,289527.15,102.91
364,Iran (Islamic Republic of),310645.33,310645.33,310645.33,310645.33,310645.33,310645.33,310645.33,310645.33,310645.33,310645.33,365908.35,365908.35,365908.35,365908.35,365908.35,365908.35,365908.35,365908.35,365908.35,365908.35,365908.35,365908.35,365908.35,365908.35,365908.35,365908.35,365908.35,365908.35,365908.35,365908.35,2000,365908.35,17.79
368,Iraq,60379,60379,60379,60379,60379,60379,60379,60379,60379,60379,60379,60379,60379,60379,60379,60379,60379,60379,60379,60379,60379,60379,60379,60379,60379,60379,60379,60379,60379,60379,1997,60379,0
372,Ireland,32944.33,33674.01,33494.93,33716.18,34838.15,35852.67,37469.15,38805.24,40708.85,42440.08,45249,47607.42,46081.98,45683.97,46166.93,48155.54,47603.94,47665.13,47366.25,42179.54,41747.93,38052.22,38209.59,37235.3,36785.33,38545.33,40029.84,38910.19,38803.39,38803.39,2018,38803.39,17.78
376,Israel,52232.3,52232.3,52232.3,52232.3,52232.3,52232.3,52232.3,52232.3,52232.3,52232.3,61067.82,61067.82,61067.82,62513.59,62438.66,62711.88,63741.57,66567.6,66048.15,63225.75,65088.77,67138.41,72410.99,66290.47,64285.91,66100.38,65191.77,65055.35,64804.64,64804.64,2018,64804.64,24.07
380,Italy,438008.8,437538.6,437829.8,430179.96,424581.72,448332.91,442277.41,448044.94,460049.2,464548.48,468442.09,468642.86,476251.24,494183.29,499619.39,500005.68,495124.2,487693.31,476229.97,422624.19,433688.02,422039.48,401554.71,367568.71,347860.8,360088.18,356556.2,351473.93,348085.03,348085.03,2018,348085.03,-20.53
388,Jamaica,8561.19,8561.19,8561.19,8561.19,8561.19,8561.19,8561.19,8561.19,8561.19,8561.19,8561.19,8561.19,8561.19,8561.19,8561.19,8561.19,11204.47,9854.93,10655.98,7916.63,7283.62,7283.62,7383.89,7383.89,7383.89,7383.89,7383.89,7383.89,7383.89,7383.89,2012,7383.89,-13.75
392,Japan,1158391.31,1170065.73,1179740.1,1172647.31,1227566.84,1239928.16,1251867.57,1245112.03,1205416.32,1242015.31,1264844.26,1250211.05,1279452.96,1287642.18,1282872.08,1290056.28,1266828.61,1302524.28,1231909.52,1162647.87,1214068.56,1264155.13,1305432.85,1314703,1263049.94,1222781.31,1203167.02,1187661.45,1135688,1135688,2018,1135688,-1.96
400,Jordan,13389.43,13389.43,13389.43,13389.43,13389.43,13389.43,13389.43,13389.43,13389.43,13389.43,16308.31,16308.31,16308.31,16308.31,16308.31,16308.31,23136,23136,23136,23136,23136,23136,23136,23136,23136,23136,23136,23136,23136,23136,2006,23136,72.79
398,Kazakhstan,281213.95,271741.01,246741.37,219390.01,185835.33,178207.46,163543.77,155572.21,150541.2,124952.45,148756.16,142923.9,160804.18,178774.59,188475.9,202326.2,221649.32,227961.08,229096.3,224145.63,250896.96,240651.23,246750.44,254547.45,278775.59,288578.12,288421.37,307926.54,319647.41,319647.41,2018,319647.41,13.67
404,Kenya,5511.96,5511.96,5511.96,5511.96,5511.96,7056.88,7056.88,7056.88,7056.88,7056.88,7927.57,7927.57,7927.57,7927.57,7927.57,9281.16,9281.16,9281.16,9281.16,9281.16,13888.3,13888.3,13888.3,13888.3,13888.3,13888.3,13888.3,13888.3,13888.3,13888.3,2010,13888.3,151.97
296,Kiribati,18.56,18.56,18.56,18.56,18.56,18.56,18.56,18.56,18.56,18.56,18.56,18.56,18.56,18.56,29.66,31.23,62.78,67.72,63.78,63.78,63.78,63.78,63.78,63.78,63.78,63.78,63.78,63.78,63.78,63.78,2008,63.78,243.64
414,Kuwait,29524,29524,29524,29524,29524,29524,29524,29524,29524,29524,29524,29524,29524,29524,29524,29524,29524,29524,29524,29524,29524,29524,83921.36,83921.36,83921.36,83921.36,83921.36,83921.36,83921.36,83921.36,2016,83921.36,184.25
417,Kyrgyzstan,20531.57,17598.99,14601.29,11719.26,8668.83,5556.76,5738.89,6543,5519.55,5052.22,4957.14,4728.8,4944.52,5094.63,5319.37,5392.16,5527.55,6504.54,7357.65,6934.51,6363.38,6363.38,6363.38,6363.38,6363.38,6363.38,6363.38,6363.38,6363.38,6363.38,2010,6363.38,-69.01
418,Lao People's Democratic Republic,414.91,414.91,414.91,414.91,414.91,414.91,414.91,414.91,414.91,414.91,1052.19,1052.19,1052.19,1052.19,1052.19,1052.19,1052.19,1052.19,1052.19,1052.19,1052.19,1052.19,1052.19,1052.19,1052.19,1052.19,1052.19,1052.19,1052.19,1052.19,2000,1052.19,153.59
428,Latvia,19504.13,17783.12,14079.83,11818.64,10296.75,9090.31,9170.27,8645.95,8280.69,7695.97,7064.72,7474.39,7502.61,7722.59,7727.76,7806.68,8305.73,8631.99,8192.82,7451.92,8548.88,7805.4,7515.21,7381.99,7182.63,7272.71,7220.75,7222.78,7859.29,7859.29,2018,7859.29,-59.7
422,Lebanon,13602.76,13602.76,13602.76,13602.76,13602.76,13602.76,13602.76,13602.76,13602.76,13602.76,15570.13,15570.13,15570.13,15570.13,15570.13,15570.13,15570.13,15570.13,15570.13,15570.13,15570.13,20656.42,22294.28,23096.54,23096.54,23096.54,23096.54,23096.54,23096.54,23096.54,2013,23096.54,69.79
426,Lesotho,635.98,635.98,635.98,635.98,635.98,635.98,635.98,635.98,635.98,635.98,805.03,805.03,805.03,805.03,805.03,805.03,805.03,805.03,805.03,805.03,805.03,805.03,805.03,805.03,805.03,805.03,805.03,805.03,805.03,805.03,2000,805.03,26.58
430,Liberia,3571,3571,3571,3571,3571,3571,3571,3571,3571,3571,3571,3571,3571,3571,3571,3571,3571,3571,3571,3571,3571,3571,3571,3571,3571,3571,3571,3571,3571,3571,2000,3571,0
438,Liechtenstein,198.97,206.33,206.95,215.03,201.11,204.2,205.96,218.37,229.23,226.56,216.85,214.66,220.01,229.35,229.38,228.97,231.1,200.77,219.51,205.35,190.81,176.78,185.31,192.54,161.24,159.71,149.88,156.28,143.75,143.75,2018,143.75,-27.75
440,Lithuania,35771.82,37851.59,21200.58,16348.05,15788.27,15084.48,15757.63,15182.21,16039.7,13476.96,11873.92,12621.37,12690.01,12679.87,13272.34,14091.08,14408.01,15797.79,15179.16,13022.77,13926.74,14271.08,14330.83,13340.27,13087.47,13297.14,13327.51,13545.85,13669.49,13669.49,2018,13669.49,-61.79
442,Luxembourg,11847.64,12465.79,12232.16,12372.81,11563.93,9170.3,9219.91,8573.11,7695.07,8147.98,8731.57,9226.37,10003.05,10476.02,11844.31,12105.45,11936.28,11333.58,11195.25,10647.82,11219.29,11114.55,10851.4,10303.87,9825.22,9333.17,9080.25,9250.4,9568.52,9568.52,2018,9568.52,-19.24
450,Madagascar,1146.17,1146.17,1146.17,1146.17,1146.17,1146.17,1146.17,1146.17,1146.17,1146.17,1747.4,1747.4,1747.4,1747.4,1747.4,1919.1,1999.3,2098.7,2250.3,2076.4,2057.9,2057.9,2057.9,2057.9,2057.9,2057.9,2057.9,2057.9,2057.9,2057.9,2010,2057.9,79.55
454,Malawi,669.25,669.25,669.25,669.25,719.26,719.26,719.26,719.26,719.26,719.26,719.26,719.26,719.26,719.26,719.26,719.26,719.26,719.26,719.26,719.26,719.26,719.26,719.26,719.26,719.26,719.26,719.26,719.26,719.26,719.26,1994,719.26,7.47
458,Malaysia,52140.59,62312.48,67718.14,73579.68,82935.43,83210.92,97941.99,113400.44,103147.98,113773.33,136987.07,146115.82,152580.96,165746.22,179143.38,192573.72,192109.54,205552.49,209530.04,201065.19,217972.69,205768.03,205768.03,205768.03,205768.03,205768.03,205768.03,205768.03,205768.03,205768.03,2011,205768.03,294.64
462,Maldives,129,129,129,129,129,129,129,129,129,129,129,129,129,129,129,129,129,129,129,129,129,1236.97,1305.99,1400.01,1453.55,1476.89,1476.89,1476.89,1476.89,1476.89,2015,1476.89,1044.88
466,Mali,954.61,954.61,954.61,954.61,954.61,954.61,954.61,954.61,954.61,954.61,1562.89,1562.89,1562.89,1562.89,1562.89,1562.89,1562.89,1562.89,1562.89,1562.89,2743.67,2743.67,2743.67,2743.67,2743.67,2743.67,2743.67,2743.67,2743.67,2743.67,2010,2743.67,187.41
470,Malta,2408.46,2255.39,2314.9,2891.13,2669.72,2460.27,2578.45,2586.19,2545.13,2627.59,2545.52,2665.17,2707.48,2979.28,2846.41,2654.26,2665.94,2735.72,2747.13,2532.57,2581.76,2578.07,2762.07,2437.84,2442.4,1735.3,1399.49,1553,1531.58,1531.58,2018,1531.58,-36.41
584,Marshall Islands,80.92,80.92,80.92,80.92,80.92,80.92,80.92,80.92,80.92,80.92,80.92,80.92,80.92,80.92,80.92,97.66,97.66,97.66,97.66,97.66,124.94,124.94,124.94,124.94,124.94,124.94,124.94,124.94,124.94,124.94,2010,124.94,54.4
478,Mauritania,1046.67,1046.67,1046.67,1046.67,1046.67,1046.67,1046.67,1046.67,1046.67,1046.67,1137.07,1137.07,1137.07,1137.07,1137.07,1137.07,1137.07,1137.07,1137.07,1137.07,1137.07,1137.07,1137.07,1137.07,1137.07,1137.07,1137.07,1137.07,1137.07,1137.07,2000,1137.07,8.64
480,Mauritius,2739.8,2739.8,2739.8,2739.8,2739.8,2739.8,2739.8,2739.8,2739.8,2739.8,2289.81,2476.96,2494.53,2661.33,2659.52,2820.25,3482.62,3482.62,3482.62,3482.62,3482.62,3482.62,3482.62,4250.19,4250.19,4250.19,4250.19,4250.19,4250.19,4250.19,2013,4250.19,55.13
484,Mexico,307419.22,318877.87,321246.52,321858.04,346246.67,333784.06,348140.71,365145.08,386249.84,377722.1,407271.27,400547.89,395768.56,403331.35,432780.07,438673.96,454055.33,473765.52,494159.95,475352.59,489865.36,502147.36,504782.35,468240.1,468240.1,468240.1,468240.1,468240.1,468240.1,468240.1,2013,468240.1,52.31
583,Micronesia (Federated States of),235.97,235.97,235.97,235.97,235.97,235.97,235.97,235.97,235.97,235.97,151.99,151.99,151.99,151.99,151.99,151.99,151.99,151.99,151.99,151.99,151.99,151.99,151.99,151.99,151.99,151.99,151.99,151.99,151.99,151.99,2000,151.99,-35.59
492,Monaco,98.23,98.91,104.51,103.6,104.41,101.2,104.71,103.19,102.07,102.77,100.31,100.01,99.74,97.05,91.88,90.31,84.01,82.77,82.35,79.16,77.69,75.01,78.05,78.81,73.89,74.36,74.66,73.05,74.76,74.76,2018,74.76,-23.89
496,Mongolia,13650,12141,10529,9913.2,8665,8141,8978.7,9310.8,9061.1,9061.1,9061.1,9061.1,9061.1,9061.1,9061.1,9061.1,9956.25,9956.25,9956.25,9956.25,9956.25,9956.25,9956.25,9956.25,9956.25,9956.25,9956.25,9956.25,9956.25,9956.25,2006,9956.25,-27.06
499,Montenegro,2491.41,2585.54,2143.69,1691.1,1328.8,504.31,2028.9,1920.68,2335.61,2397.97,2520.74,2140.19,2616.95,2508.47,2510.68,2347.24,2542.47,2483.42,3019.8,2057.47,2836.85,2685.7,2685.7,2685.7,2685.7,2685.7,2685.7,2685.7,2685.7,2685.7,2011,2685.7,7.8
504,Morocco,28364,28364,28364,28364,28364,28364,28364,28364,28364,28364,33550.8,33550.8,33550.8,33550.8,33550.8,33550.8,33550.8,33550.8,33550.8,33550.8,55823.9,55823.9,62103.4,62103.4,62103.4,62103.4,62103.4,62103.4,62103.4,62103.4,2012,62103.4,118.95
508,Mozambique,1083.12,1083.12,1083.12,1083.12,1585.59,1585.59,1585.59,1585.59,1585.59,1585.59,1585.59,1585.59,1585.59,1585.59,1585.59,1585.59,1585.59,1585.59,1585.59,1585.59,1585.59,1585.59,1585.59,1585.59,1585.59,1585.59,1585.59,1585.59,1585.59,1585.59,1994,1585.59,46.39
104,Myanmar,7907.24,7907.24,7907.24,7907.24,7907.24,7907.24,7907.24,7907.24,7907.24,7907.24,7907.24,7516.74,7789.82,8406.63,8935.41,8264.59,8264.59,8264.59,8264.59,8264.59,8264.59,8264.59,8264.59,8264.59,8264.59,8264.59,8264.59,8264.59,8264.59,8264.59,2005,8264.59,4.52
516,Namibia,1826.63,1826.63,1826.63,1826.63,1826.63,1826.63,1826.63,1826.63,1826.63,1826.63,2018,2018,2018,2018,2018,2018,2018,2018,2018,2018,2018,2018,2018,2018,2018,2018,2018,2018,2018,2018,2000,2018,10.48
520,Nauru,28.32,28.32,28.32,28.32,28.32,28.32,28.32,28.32,28.32,28.32,13.29,13.29,13.29,35.08,35.08,35.08,35.08,17.24,17.24,17.24,37.58,37.58,37.58,37.58,37.58,37.58,37.58,37.58,37.58,37.58,2010,37.58,32.7
524,Nepal,1630,1630,1630,1630,1630,1630,1630,1630,1630,1630,2894.24,2894.24,2894.24,2894.24,2894.24,2894.24,2894.24,2894.24,2894.24,2894.24,2894.24,2894.24,2894.24,2894.24,2894.24,2894.24,2894.24,2894.24,2894.24,2894.24,2000,2894.24,77.56
528,Netherlands,162385.11,170796.38,170630.24,170817.55,171401.37,172966.17,182148.29,175019.63,176136.87,170727.35,171887.44,176798.51,176113.05,179565,181381.77,177459.01,172686.52,172587.18,175481.51,170167.74,182117.94,169065.73,165827.03,165717.88,158768.01,166366.66,166282.09,164444.77,160170.15,160170.15,2018,160170.15,-1.36
554,New Zealand,25446.29,26110.38,28105.07,27699.46,27880.33,28001.81,29295.08,31289.34,29882.78,31472.27,32281.35,34457.44,34638.1,36351.9,35940.11,37571.04,37466.33,36559.88,37592.32,34762.43,34957.78,34249.57,36000.43,35240.94,35457.8,35839.19,34267.62,36153.33,35080.34,35080.34,2018,35080.34,37.86
558,Nicaragua,2728.38,2728.38,2728.38,2728.38,2728.38,2728.38,2728.38,2728.38,2728.38,2728.38,3840.19,3840.19,3840.19,3840.19,3840.19,3840.19,3840.19,3840.19,3840.19,3840.19,3840.19,3840.19,3840.19,3840.19,3840.19,3840.19,3840.19,3840.19,3840.19,3840.19,2000,3840.19,40.75
562,Niger,598.47,598.47,598.47,598.47,598.47,598.47,598.47,598.47,598.47,598.47,1905,1905,1905,1905,1905,1905,1905,1905,1800,1800,1800,1800,1800,1800,1800,1800,1800,1800,1800,1800,2008,1800,200.77
566,Nigeria,114815.82,114815.82,114815.82,114815.82,114815.82,114815.82,114815.82,114815.82,114815.82,114815.82,116825,116825,116825,116825,116825,116825,116825,116825,116825,116825,116825,116825,116825,116825,116825,116825,116825,116825,116825,116825,2000,116825,1.75
570,Niue,4.4,4.4,4.4,4.4,4.4,4.4,4.4,4.4,4.4,4.4,4.82,4.82,4.82,4.82,4.82,5.54,6.7,8.1,4.84,5.05,5.05,5.05,5.05,5.05,5.05,5.05,5.05,5.05,5.05,5.05,2009,5.05,14.77
807,North Macedonia,10287.59,9576.21,8935.91,9359.09,9041.89,9207.93,8891.52,9632.4,10338.45,9964.61,9571.65,9667.51,10027.43,9368.53,9114.57,9908.92,8977.05,9495.79,9565.18,8929.47,8929.47,8929.47,8929.47,8929.47,8929.47,8929.47,8929.47,8929.47,8929.47,8929.47,2009,8929.47,-13.2
578,Norway,35321.33,33816.46,34734.75,36224.2,38088.99,38707.5,41830.31,41969.98,42220.23,42974.02,42518.55,43866.41,42985.66,44305.68,44622.58,43923.16,44484.78,46231.29,45377.7,43890.03,46231.65,45513.36,45038.31,44982.4,44916.61,45350.5,44472.73,43562.54,43817.66,43817.66,2018,43817.66,24.05
512,Oman,11184.36,11184.36,11184.36,11184.36,11184.36,11184.36,11184.36,11184.36,11184.36,11184.36,11184.36,11184.36,11184.36,11184.36,11184.36,11184.36,11184.36,11184.36,11184.36,11184.36,11184.36,11184.36,11184.36,11184.36,11184.36,11184.36,11184.36,11184.36,11184.36,11184.36,1994,11184.36,0
585,Palau,85.59,85.59,85.59,85.59,85.59,149.99,149.99,149.99,149.99,149.99,149.99,149.99,149.99,149.99,149.99,331.84,331.84,331.84,331.84,331.84,331.84,331.84,331.84,331.84,331.84,331.84,331.84,331.84,331.84,331.84,2005,331.84,287.71
591,Panama,4314.91,4314.91,4314.91,4314.91,4314.91,5171.99,5171.99,5171.99,5171.99,5171.99,5171.99,5171.99,5171.99,5171.99,5171.99,5171.99,5171.99,5171.99,5171.99,5171.99,5171.99,5171.99,5171.99,5171.99,5171.99,5171.99,5171.99,5171.99,5171.99,5171.99,2000,5171.99,19.86
598,Papua New Guinea,1140.57,1140.57,1140.57,1140.57,1140.57,4400.45,4400.45,4400.45,4400.45,4400.45,4400.45,4400.45,4400.45,4400.45,4400.45,4400.45,4400.45,4400.45,4400.45,4400.45,4400.45,4400.45,4400.45,4400.45,4400.45,4400.45,4400.45,4400.45,4400.45,4400.45,2000,4400.45,285.81
600,Paraguay,2270.22,2270.22,2270.22,2270.22,3810.57,3810.57,3810.57,3810.57,3810.57,3810.57,3646.85,3646.85,3646.85,3646.85,3646.85,4148.82,4148.82,4148.82,4148.82,4148.82,4148.82,5380.22,5664.54,5664.54,5664.54,5664.54,5664.54,5664.54,5664.54,5664.54,2012,5664.54,149.52
604,Peru,30656.73,30656.73,30656.73,30656.73,30656.73,32065,32065,32065,32065,32065,32065,32065,32065,32065,32065,32065,32065,32065,32065,32065,44943.83,44943.83,48210,48210,48210,48210,48210,48210,48210,48210,2012,48210,57.26
608,Philippines,57932,57932,57932,57932,57932,82702.84,82702.84,82702.84,82702.84,82702.84,82702.84,82702.84,82702.84,82702.84,82702.84,82702.84,82702.84,82702.84,82702.84,82702.84,82702.84,82702.84,82702.84,82702.84,82702.84,82702.84,82702.84,82702.84,82702.84,82702.84,2000,82702.84,42.76
616,Poland,376546.52,373793.32,364677.87,365370.7,360416.81,362761.27,377407.84,367385.32,339132.89,329167.33,317338.03,313647.66,306403.33,319406.05,324146.21,323161.27,337037.51,336368.5,330145,316607.7,334606.78,333952.03,326348.21,322225.44,309920.92,313099.15,324011.34,337340.42,337705.74,337705.74,2018,337705.74,-10.32
620,Portugal,45082.97,46960.26,50889.17,49391.9,50246.45,54450.77,51703.22,54597.59,59138.43,66763.19,65526.59,65149.3,69556.08,64419.31,67255.33,69483.98,64767.65,62280.42,59973.06,57200.26,52989.38,51792.65,49962.62,48161.88,47948.44,52294.06,50455.57,54719.98,51482.48,51482.48,2018,51482.48,14.19
634,Qatar,57611.96,57611.96,57611.96,57611.96,57611.96,57611.96,57611.96,57611.96,57611.96,57611.96,57611.96,57611.96,57611.96,57611.96,57611.96,57611.96,57611.96,57611.96,57611.96,57611.96,57611.96,57611.96,57611.96,57611.96,57611.96,57611.96,57611.96,57611.96,57611.96,57611.96,2007,57611.96,0
410,Republic of Korea,252328.67,275230.29,299001.71,334403.67,356378.12,385188.31,417749.86,443604.94,377357.37,409614.21,441633.44,456996.88,475805.24,484163.27,490197.51,494464.19,501107.18,522787.61,536424.71,541396.88,594697.22,624256.53,627219.62,636397.56,629715.21,634487.23,637599.56,637599.56,637599.56,637599.56,2016,637599.56,152.69
498,Republic of Moldova,35333.69,31049.99,21804.86,16569.55,14997.96,11552.74,11655.59,10688.54,9063.02,7154.44,6388.39,6991.99,6667.91,7439.19,7912.17,8310.32,7651.92,8028.34,8727.81,9030.4,9552.3,9687.15,9354.19,8325.47,8325.47,8325.47,8325.47,8325.47,8325.47,8325.47,2013,8325.47,-76.44
642,Romania,169285.87,139370.25,131072.28,122832.31,121961.46,127032.86,130095.93,121074.67,107561.54,90778.18,95455.76,100357.07,101735.33,105295.17,104269.76,102694.47,105082.79,108440.49,105534.58,86024.14,84289.72,89518.25,86255.69,76875.89,77432.42,77725.63,75812.8,78077.49,76951.22,76951.22,2018,76951.22,-54.54
643,Russian Federation,2525293.78,2395977.96,1957658.89,1859459.63,1641399.16,1612928.32,1580160.84,1475157.17,1458157.13,1486090.03,1471052.23,1507500.88,1495483.58,1525389.95,1530473.62,1547375.78,1606313.36,1604323.81,1636694.37,1528764.92,1612884.81,1664953.15,1679866.2,1619172.89,1622348.91,1622861.01,1618304.26,1646179.81,1691360.43,1691360.43,2018,1691360.43,-33.02
646,Rwanda,312.47,312.47,312.47,312.47,312.47,312.47,312.47,312.47,312.47,312.47,312.47,312.47,312.47,532,532,532,532,532,532,532,532,532,532,532,532,532,532,532,532,532,2005,532,70.26
659,Saint Kitts and Nevis,70.83,70.83,70.83,70.83,70.83,70.83,70.83,70.83,70.83,70.83,70.83,70.83,70.83,70.83,70.83,70.83,70.83,70.83,70.83,70.83,70.83,70.83,70.83,70.83,70.83,70.83,70.83,70.83,70.83,70.83,1994,70.83,0
662,Saint Lucia,268.24,268.24,268.24,268.24,268.24,340.19,340.19,340.19,340.19,340.19,340.19,395.28,395.28,395.28,395.28,395.28,395.28,395.28,395.28,395.28,489.43,489.43,489.43,489.43,489.43,489.43,489.43,489.43,489.43,489.43,2010,489.43,82.46
670,Saint Vincent and the Grenadines,81.51,81.51,81.51,81.51,95.07,95.07,95.07,106.83,106.83,106.83,155.15,155.15,155.15,155.15,217.41,217.41,217.41,217.41,217.41,217.41,217.41,217.41,217.41,217.41,217.41,217.41,217.41,217.41,217.41,217.41,2004,217.41,166.73
882,Samoa,102.2,102.2,102.2,102.2,102.2,102.2,102.2,102.2,102.2,102.2,102.2,102.2,102.2,102.2,102.2,102.2,102.2,102.2,102.2,102.2,102.2,102.2,102.2,102.2,102.2,102.2,102.2,102.2,102.2,102.2,1994,102.2,0
674,San Marino,232.19,232.19,232.19,232.19,232.19,232.19,232.19,232.19,232.19,232.19,232.19,232.19,232.19,232.19,232.19,232.19,232.19,232.19,232.19,232.19,262.74,262.74,262.74,262.74,262.74,262.74,262.74,262.74,262.74,262.74,2010,262.74,13.16
678,Sao Tome and Principe,109.75,109.75,109.75,109.75,109.75,109.75,109.75,109.75,109.75,109.75,109.75,109.75,109.75,109.75,109.75,109.75,109.75,109.75,109.75,109.75,109.75,109.75,109.75,109.75,109.75,109.75,109.75,109.75,109.75,109.75,2012,109.75,0
682,Saudi Arabia,138265.5,138265.5,138265.5,138265.5,138265.5,138265.5,138265.5,138265.5,138265.5,138265.5,256720,256720,256720,256720,256720,256720,256720,256720,256720,256720,471246.3,471246.3,498852.8,498852.8,498852.8,498852.8,498852.8,498852.8,498852.8,498852.8,2012,498852.8,260.79
686,Senegal,6788.93,6788.93,6788.93,6788.93,6788.93,6788.93,6788.93,6788.93,6788.93,6788.93,6788.93,5078.38,5078.38,5078.38,5078.38,5078.38,5078.38,5078.38,5078.38,5078.38,5078.38,5078.38,5078.38,5078.38,5078.38,5078.38,5078.38,5078.38,5078.38,5078.38,2005,5078.38,-25.2
688,Serbia,62969.97,62969.97,62969.97,62969.97,62969.97,62969.97,62969.97,62969.97,50604.6,50604.6,50604.6,50604.6,50604.6,50604.6,50604.6,50604.6,50604.6,50604.6,50604.6,50604.6,50604.6,50604.6,50604.6,50604.6,50604.6,50604.6,50604.6,50604.6,50604.6,50604.6,1998,50604.6,-19.64
690,Seychelles,178.73,178.73,178.73,178.73,178.73,178.73,260.61,260.61,260.61,260.61,260.61,260.61,260.61,260.61,260.61,260.61,260.61,260.61,260.61,260.61,260.61,260.61,260.61,260.61,260.61,260.61,260.61,260.61,260.61,260.61,2000,260.61,45.81
694,Sierra Leone,319.03,319.03,319.03,319.03,319.03,319.03,319.03,158.33,367.67,262.55,581.63,57.64,67.06,74.6,76.63,87.19,87.19,87.19,87.19,87.19,87.19,87.19,87.19,87.19,87.19,87.19,87.19,87.19,87.19,87.19,2005,87.19,-72.67
702,Singapore,26800.18,26800.18,26800.18,26800.18,26800.18,37755.81,37755.81,37755.81,37755.81,37755.81,37755.81,37755.81,37755.81,37755.81,37755.81,37755.81,37755.81,37755.81,37755.81,37755.81,45202.88,45202.88,46777.4,46777.4,46777.4,46777.4,46777.4,46777.4,46777.4,46777.4,2012,46777.4,74.54
703,Slovakia,61633.46,53437.9,49029.14,46484.22,43878.72,44322.41,44186.12,44313.68,44073.14,43200.61,41289.13,43378.3,42112.41,42438.08,42924.75,42910.85,42687.29,41095.11,41503.17,37755.07,38523.22,38111.95,36021.18,35577.84,33654.5,34484.24,34921.79,36087.34,36087.84,36087.84,2018,36087.84,-41.45
705,Slovenia,15093.84,14001.24,14006.75,14303.47,14642.67,15254.25,15916.61,16244.92,15961.13,15337.24,15444.9,16378.34,16525.27,16289.03,16651.03,16948.12,17142.53,17281,18220.01,16329.78,16376.44,16360.3,15821.76,15188.91,13531.94,13617.54,14416.66,14264.75,14487.84,14487.84,2018,14487.84,-4.01
90,Solomon Islands,294.38,294.38,294.38,294.38,294.38,191.24,191.24,191.24,191.24,191.24,191.24,191.24,191.24,191.24,191.24,191.24,191.24,191.24,191.24,191.24,191.24,191.24,191.24,191.24,191.24,191.24,191.24,191.24,191.24,191.24,2000,191.24,-35.04
710,South Africa,280931.77,280931.77,280931.77,280931.77,315957.23,315957.23,315957.23,315957.23,315957.23,315957.23,315957.23,315957.23,315957.23,315957.23,315957.23,315957.23,315957.23,315957.23,315957.23,315957.23,315957.23,315957.23,315957.23,315957.23,315957.23,315957.23,315957.23,315957.23,315957.23,315957.23,1994,315957.23,12.47
728,South Sudan,1027.94,1027.94,1027.94,1027.94,1027.94,1027.94,1027.94,1027.94,1027.94,1027.94,1027.94,1027.94,1027.94,1027.94,1027.94,1027.94,1027.94,1027.94,1027.94,1027.94,1027.94,1027.94,1027.94,1603.56,1776.04,1828.72,1828.72,1828.72,1828.72,1828.72,2015,1828.72,77.9
724,Spain,231213.56,240953.02,249813.19,241195.18,253661.39,267416.72,254795.33,267306.44,276021.58,299498.67,311267.05,313119.84,333379.52,337588.93,354485.58,369492.12,360578.6,368432.7,336624.21,297241.18,283724.99,284543.85,278850.69,252763.82,255100.21,271687.35,260759.56,274671.26,269654.25,269654.25,2018,269654.25,16.63
144,Sri Lanka,4779,4779,4779,4779,5748.22,5644,10922.42,10922.42,10922.42,10922.42,10922.42,10922.42,10922.42,10922.42,10922.42,10922.42,10922.42,10922.42,10922.42,10922.42,10922.42,10922.42,10922.42,10922.42,10922.42,10922.42,10922.42,10922.42,10922.42,10922.42,2000,10922.42,128.55
275,State of Palestine,1935.59,1935.59,1935.59,1935.59,1935.59,1935.59,1935.59,1935.59,1935.59,1935.59,1935.59,1935.59,1935.59,1935.59,1935.59,1935.59,1935.59,1935.59,1935.59,1935.59,1935.59,1935.59,1935.59,1935.59,1935.59,1935.59,1935.59,1935.59,1935.59,1935.59,2011,1935.59,0
729,Sudan,4500,4500,4500,4500,4500,4500,6183,6183,6183,6183,6183,6183,6183,6183,6183,6183,6183,6183,6183,6183,6183,6183,6183,6183,6183,6183,6183,6183,6183,6183,2000,6183,37.4
740,Suriname,2469,2469,2469,2469,2469,2469,2469,2469,2469,2469,2469,2469,2469,2469,2469,2469,2469,2469,2469,2469,2469,2469,2469,2469,2469,2469,2469,2469,2469,2469,2003,2469,0
752,Sweden,57348.82,57707.22,57451.49,57493.45,59953.81,59366.21,63302.78,58212.55,58696.67,55820.16,54684.43,55617.06,56572.52,57160.57,56475.92,53852.86,53674.27,52940.9,50856,47231.12,53042.22,49166.9,46692.01,45086.34,43337.56,43336.76,42972.57,42306.82,41766.18,41766.18,2018,41766.18,-27.17
756,Switzerland,44154.42,46133.82,46009.7,43601.02,42675.89,43412.83,44098.82,43037.27,44614.82,44445.84,43617.59,45082.45,43467.6,44651.91,45236.4,45788.23,45373.68,43368.37,44714.31,43534.72,45049.55,40985.52,42254.72,43185.84,39234.43,38733.19,39192.61,38182.27,36895.48,36895.48,2018,36895.48,-16.44
762,Tajikistan,17695,17134,14073,11826,6694,4668,3206,3326,2500,2622,2538,2768,2593,2768,3298,2645,3474,2541,2518,2011,1908,1908,1908,1908,1908,1908,1908,1908,1908,1908,2010,1908,-89.22
764,Thailand,141453.2,141453.2,141453.2,141453.2,141453.2,141453.2,141453.2,141453.2,141453.2,141453.2,141453.2,141453.2,141453.2,141453.2,141453.2,141453.2,141453.2,141453.2,141453.2,141453.2,141453.2,141453.2,141453.2,242022.61,242022.61,242022.61,242022.61,242022.61,242022.61,242022.61,2013,242022.61,71.1
626,Timor-Leste,260.84,260.84,260.84,260.84,260.84,260.84,260.84,260.84,260.84,260.84,260.84,260.84,260.84,260.84,260.84,260.84,260.84,260.84,260.84,260.84,260.84,260.84,260.84,260.84,260.84,260.84,260.84,260.84,260.84,260.84,2010,260.84,0
768,Togo,825.5,825.5,825.5,546.9,1033.6,1277.94,1022.8,1088.4,1404.8,1404.8,1461.9,1461.9,1461.9,1461.9,1461.9,1899.72,1899.72,1899.72,1899.72,1899.72,1899.72,1899.72,1899.72,1899.72,1899.72,1899.72,1899.72,1899.72,1899.72,1899.72,2005,1899.72,130.13
776,Tonga,79.98,79.98,79.98,79.98,79.98,79.98,79.98,79.98,79.98,79.98,94.93,94.93,94.93,94.93,94.93,94.93,113.14,113.14,113.14,113.14,113.14,113.14,113.14,113.14,113.14,113.14,113.14,113.14,113.14,113.14,2006,113.14,41.46
780,Trinidad and Tobago,14987,14987,14987,14987,14987,14987,14987,14987,14987,14987,14987,14987,14987,14987,14987,14987,14987,14987,14987,14987,14987,14987,14987,14987,14987,14987,14987,14987,14987,14987,1990,14987,0
788,Tunisia,17096.5,17096.5,17096.5,17096.5,17096.5,17096.5,17096.5,17096.5,17096.5,17096.5,22665.18,22665.18,22665.18,22665.18,22665.18,22665.18,22665.18,22665.18,22665.18,22665.18,22665.18,22665.18,22665.18,22665.18,22665.18,22665.18,22665.18,22665.18,22665.18,22665.18,2000,22665.18,32.57
792,Turkey,151508.47,157982,163922.25,171011.16,167433.11,180903.05,199521.94,212005.57,212040.28,207804.16,229790.6,213486.09,220977.7,236483.89,244464.11,264200.8,281649.18,312736.71,309321.19,315359.64,314380.03,339482.25,353666.21,345220.58,361675.46,381331.94,401239.74,425329.23,419194.75,419194.75,2018,419194.75,176.68
795,Turkmenistan,15197.68,15197.68,15197.68,15197.68,15197.68,24683.2,24683.2,24683.2,24683.2,24683.2,24683.2,24683.2,24683.2,24683.2,25526.06,25526.06,25526.06,25526.06,25526.06,25526.06,37325.17,37325.17,37325.17,37325.17,37325.17,37325.17,37325.17,37325.17,37325.17,37325.17,2010,37325.17,145.6
798,Tuvalu,4.65,4.65,4.65,4.65,4.65,4.65,4.65,4.65,4.65,4.65,4.65,4.65,4.65,4.65,4.65,4.65,4.65,4.65,4.65,4.65,4.65,11.16,11.16,11.16,11.16,11.16,11.16,11.16,11.16,11.16,2014,11.16,140
800,Uganda,730.25,730.25,730.25,730.25,730.25,1371,1371,1371,1371,1371,1371,1371,1371,1371,1371,1371,1371,1371,1371,1371,1371,1371,1371,1371,1371,1371,1371,1371,1371,1371,2000,1371,87.74
804,Ukraine,705829.99,632536.63,589060.25,510199.54,419266.3,389864.61,351408.75,340242.69,328578.94,298203.96,285337.2,303559.23,295673.49,307017.47,310362.75,313118.09,332670.34,336364.01,325532.71,277293.5,294078.32,307952.84,303952.61,297294.25,257584.69,223911.87,234200.3,223232.15,231694.16,231694.16,2018,231694.16,-67.17
784,United Arab Emirates,63690,63690,63690,63690,63690,102707,102707,102707,102707,102707,102707,102707,102707,102707,102707,158438,158438,158438,158438,158438,158438,158438,158438,158438,188884.9,188884.9,188884.9,188884.9,188884.9,188884.9,2014,188884.9,196.57
826,United Kingdom of Great Britain and Northern Ireland,601187.19,609266,593745.97,579506.69,575774.6,567507.65,589137.82,563241.84,568512.2,561651.09,568220.06,576926.99,561047.85,572532.25,573994.49,570724.27,568390.05,560205.6,545682.47,495119.49,512864.79,470608.13,488503.55,478608.95,439763.28,423199.62,399824.3,388803.41,380849.88,380849.88,2018,380849.88,-36.65
834,United Republic of Tanzania,3249.37,3249.37,3249.37,3249.37,3225.53,3225.53,3225.53,3225.53,3225.53,3225.53,3225.53,3225.53,3225.53,3225.53,3225.53,3225.53,3225.53,3225.53,3225.53,3225.53,3225.53,3225.53,3225.53,3225.53,3225.53,3225.53,3225.53,3225.53,3225.53,3225.53,1994,3225.53,-0.73
840,United States of America,5128300.62,5078889.58,5182706.72,5283437.6,5377032.71,5438905.7,5626911.9,5703706.97,5751051.98,5830297.64,5998070.43,5900436.6,5942652.33,5991959.63,6107618.25,6131892.98,6051051.02,6128429.64,5930539.64,5491035.73,5698055.78,5565294.4,5367568.56,5514029.29,5561719.22,5412432.19,5292267.56,5253606.13,5424881.5,5424881.5,2018,5424881.5,5.78
858,Uruguay,3897.33,3897.33,3897.33,3897.33,4267.9,4267.9,4267.9,4267.9,5910.87,5910.87,5576.6,5576.6,4355.27,4355.27,5589.1,5589.1,6442.84,6442.84,7917.43,7917.43,6548.9,6548.9,8806,8806,6824.5,6824.5,6863.1,6530,6530,6530,2017,6530,67.55
860,Uzbekistan,113286.32,113301.74,106305.61,106809,101370.9,101021.05,104012.36,102265.9,99999.06,104052.94,108606.83,107876.5,111020.33,106841.01,104822.79,100863.85,103617.94,103446.05,113156.4,107567.39,101762.96,105089.37,105529.24,105529.24,105529.24,105529.24,105529.24,105529.24,105529.24,105529.24,2012,105529.24,-6.85
548,Vanuatu,55.15,55.15,55.15,55.15,55.15,69.59,69.59,69.59,69.59,69.59,69.59,69.59,69.59,69.59,69.59,69.59,69.59,69.59,69.59,69.59,69.59,69.59,69.59,69.59,69.59,69.59,69.59,69.59,69.59,69.59,2000,69.59,26.18
862,Venezuela (Bolivarian Republic of),114126,114126,114126,114126,114126,114126,114126,114126,114126,114126,114126,114126,114126,114126,114126,114126,114126,114126,114126,114126,114126,114126,114126,114126,114126,114126,114126,114126,114126,114126,1999,114126,0
704,Viet Nam,25382.82,25382.82,25382.82,25382.82,25382.82,55905.72,55905.72,55905.72,55905.72,55905.72,55905.72,146036.77,146036.77,146036.77,146036.77,146036.77,146036.77,146036.77,146036.77,146036.77,146036.77,146036.77,146036.77,156969.31,156969.31,156969.31,156969.31,156969.31,156969.31,156969.31,2013,156969.31,518.41
887,Yemen,10514.96,10514.96,10514.96,10514.96,10514.96,10514.96,17548,17548,17548,17548,17548,22341,22341,22341,22341,22341,22341,22341,22341,22341,22341,23311.94,23311.94,23311.94,23311.94,23311.94,23311.94,23311.94,23311.94,23311.94,2012,23311.94,121.7
894,Zambia,2595.35,2595.35,2595.35,2595.35,2595.35,1685.89,1685.89,1685.89,1685.89,1685.89,1685.89,1685.89,1685.89,1685.89,1685.89,1685.89,1685.89,1685.89,1685.89,1685.89,1685.89,1685.89,1685.89,1685.89,1685.89,1685.89,1685.89,1685.89,1685.89,1685.89,2000,1685.89,-35.04
716,Zimbabwe,17088.48,17088.48,17088.48,17088.48,17088.48,24869.08,24869.08,24869.08,24869.08,24869.08,24869.08,10995.15,10995.15,10995.15,10995.15,10995.15,10995.15,10995.15,10995.15,10995.15,10995.15,10995.15,10995.15,10995.15,10995.15,10995.15,10995.15,10995.15,10995.15,10995.15,2006,10995.15,-35.66
